iso_639_1,name
en,English
es,Español
en,English
fr,Français
en,English
es,Español
it,Italiano
de,Deutsch
en,English
en,English
en,English
fr,Français
en,English
en,English
en,English
en,English
en,English
fr,Français
de,Deutsch
en,English
es,Español
it,Italiano
fr,Français
de,Deutsch
en,English
tr,Türkçe
el,????????
zh,???
en,English
en,English
en,English
en,English
en,English
es,Español
en,English
en,English
en,English
en,English
th,???????
en,English
is,Íslenska
en,English
ru,P??????
fr,Français
en,English
en,English
fr,Français
de,Deutsch
sv,svenska
it,Italiano
ru,P??????
ro,Român?
en,English
de,Deutsch
ru,P??????
en,English
th,???????
en,English
en,English
en,English
ru,P??????
zh,???
en,English
en,English
en,English
en,English
en,English
es,Español
en,English
en,English
en,English
en,English
en,English
ja,???
it,Italiano
fr,Français
en,English
en,English
es,Español
en,English
it,Italiano
en,English
en,English
en,English
en,English
en,English
en,English
en,English
en,English
en,English
en,English
de,Deutsch
ru,P??????
en,English
en,English
en,English
en,English
la,Latin
en,English
fr,Français
ja,???
zh,???
en,English
fr,Français
hi,??????
it,Italiano
la,Latin
zh,???
pt,Português
ru,P??????
bo,
en,English
en,English
en,English
en,English
de,Deutsch
en,English
en,English
zh,???
en,English
en,English
en,English
fa,?????
ur,????
ar,???????
en,English
en,English
en,English
zh,???
sa,
en,English
en,English
en,English
en,English
de,Deutsch
es,Español
en,English
fr,Français
gd,
en,English
en,English
en,English
ru,P??????
fr,Français
en,English
en,English
en,English
en,English
en,English
ja,???
en,English
en,English
en,English
en,English
en,English
en,English
en,English
en,English
en,English
en,English
en,English
en,English
ja,???
fr,Français
it,Italiano
de,Deutsch
en,English
ja,???
en,English
en,English
en,English
de,Deutsch
en,English
es,Español
fr,Français
ru,P??????
en,English
en,English
en,English
es,Español
en,English
fr,Français
en,English
en,English
en,English
fr,Français
en,English
ja,???
es,Español
en,English
en,English
en,English
en,English
fr,Français
en,English
ja,???
en,English
en,English
en,English
en,English
ur,????
zh,???
en,English
it,Italiano
th,???????
en,English
en,English
en,English
fr,Français
en,English
en,English
en,English
en,English
en,English
it,Italiano
la,Latin
fr,Français
de,Deutsch
zh,???
en,English
en,English
en,English
en,English
en,English
de,Deutsch
en,English
sv,svenska
en,English
en,English
en,English
en,English
de,Deutsch
en,English
it,Italiano
zh,???
cs,?eskı
cn,??? / ???
en,English
en,English
en,English
en,English
en,English
en,English
en,English
es,Español
th,???????
en,English
ko,???/???
cn,??? / ???
de,Deutsch
es,Español
is,Íslenska
it,Italiano
en,English
en,English
ru,P??????
en,English
en,English
en,English
en,English
ru,P??????
fr,Français
ar,???????
sv,svenska
fr,Français
en,English
en,English
en,English
ja,???
en,English
en,English
en,English
en,English
en,English
en,English
de,Deutsch
ko,???/???
ru,P??????
es,Español
en,English
en,English
cn,??? / ???
zh,???
en,English
es,Español
en,English
en,English
fr,Français
ar,???????
en,English
fr,Français
no,Norsk
en,English
en,English
ru,P??????
fr,Français
pt,Português
en,English
en,English
en,English
pt,Português
es,Español
en,English
en,English
en,English
fr,Français
en,English
en,English
en,English
en,English
fr,Français
ar,???????
ru,P??????
es,Español
en,English
en,English
en,English
en,English
en,English
en,English
es,Español
es,Español
en,English
en,English
ru,P??????
ko,???/???
en,English
en,English
en,English
en,English
ja,???
en,English
en,English
en,English
en,English
en,English
en,English
en,English
en,English
en,English
fr,Français
la,Latin
es,Español
en,English
pt,Português
en,English
de,Deutsch
it,Italiano
en,English
es,Español
pt,Português
it,Italiano
en,English
en,English
en,English
en,English
no,Norsk
en,English
ru,P??????
en,English
en,English
en,English
ja,???
fr,Français
ar,???????
es,Español
en,English
en,English
en,English
ja,???
ar,???????
zh,???
zh,???
en,English
fr,Français
hi,??????
ja,???
ta,?????
en,English
en,English
en,English
zh,???
es,Español
gd,
en,English
en,English
en,English
en,English
en,English
en,English
en,English
en,English
de,Deutsch
es,Español
en,English
en,English
en,English
en,English
en,English
en,English
en,English
fr,Français
pt,Português
en,English
ja,???
nv,
en,English
en,English
en,English
en,English
en,English
en,English
en,English
it,Italiano
he,????????
en,English
de,Deutsch
en,English
da,Dansk
zh,???
cn,??? / ???
en,English
fr,Français
it,Italiano
nl,Nederlands
zh,???
en,English
en,English
es,Español
en,English
en,English
en,English
en,English
zh,???
en,English
en,English
zh,???
en,English
en,English
en,English
en,English
en,English
pt,Português
en,English
en,English
it,Italiano
fr,Français
en,English
de,Deutsch
en,English
fr,Français
hi,??????
tr,Türkçe
cn,??? / ???
en,English
en,English
en,English
ar,???????
en,English
it,Italiano
la,Latin
en,English
fr,Français
en,English
en,English
zh,???
en,English
en,English
en,English
en,English
en,English
sv,svenska
en,English
en,English
fr,Français
en,English
en,English
es,Español
en,English
en,English
en,English
fr,Français
ar,???????
de,Deutsch
en,English
en,English
en,English
en,English
en,English
fr,Français
de,Deutsch
la,Latin
en,English
en,English
en,English
la,Latin
en,English
es,Español
en,English
en,English
en,English
en,English
fr,Français
it,Italiano
ru,P??????
es,Español
en,English
it,Italiano
la,Latin
af,Afrikaans
en,English
fr,Français
en,English
en,English
en,English
en,English
en,English
es,Español
en,English
en,English
en,English
en,English
en,English
en,English
en,English
en,English
en,English
en,English
ar,???????
en,English
en,English
en,English
ar,???????
en,English
ga,Gaeilge
la,Latin
zh,???
zh,???
ja,???
en,English
en,English
en,English
en,English
so,Somali
en,English
en,English
sv,svenska
de,Deutsch
en,English
ar,???????
en,English
en,English
en,English
en,English
en,English
en,English
en,English
en,English
en,English
en,English
en,English
es,Español
en,English
en,English
en,English
ru,P??????
en,English
es,Español
fr,Français
en,English
en,English
la,Latin
en,English
en,English
es,Español
en,English
en,English
cn,??? / ???
en,English
zh,???
en,English
en,English
en,English
en,English
en,English
de,Deutsch
fi,suomi
ja,???
cn,??? / ???
en,English
cn,??? / ???
en,English
zh,???
en,English
zh,???
en,English
en,English
de,Deutsch
ro,Român?
en,English
fr,Français
en,English
en,English
fr,Français
es,Español
en,English
en,English
de,Deutsch
en,English
he,????????
en,English
en,English
en,English
en,English
en,English
en,English
fr,Français
pt,Português
en,English
en,English
zh,???
zh,???
en,English
en,English
ru,P??????
cn,??? / ???
en,English
de,Deutsch
ar,???????
fr,Français
en,English
en,English
pt,Português
en,English
de,Deutsch
es,Español
en,English
en,English
en,English
en,English
en,English
da,Dansk
en,English
en,English
en,English
ru,P??????
en,English
en,English
en,English
ru,P??????
de,Deutsch
it,Italiano
en,English
ru,P??????
it,Italiano
en,English
en,English
en,English
en,English
en,English
af,Afrikaans
es,Español
en,English
en,English
en,English
en,English
en,English
fr,Français
es,Español
en,English
fr,Français
en,English
en,English
de,Deutsch
en,English
ru,P??????
pt,Português
en,English
en,English
en,English
ja,???
en,English
ja,???
en,English
en,English
en,English
es,Español
en,English
en,English
en,English
en,English
en,English
en,English
en,English
en,English
pt,Português
ja,???
en,English
it,Italiano
en,English
th,???????
fr,Français
en,English
en,English
en,English
en,English
en,English
es,Español
en,English
fr,Français
cs,?eskı
en,English
en,English
th,???????
en,English
en,English
en,English
en,English
en,English
en,English
fr,Français
ru,P??????
en,English
en,English
en,English
en,English
ru,P??????
fr,Français
en,English
en,English
de,Deutsch
en,English
en,English
it,Italiano
en,English
la,Latin
en,English
en,English
en,English
en,English
en,English
en,English
en,English
en,English
en,English
en,English
en,English
zh,???
en,English
en,English
en,English
en,English
de,Deutsch
th,???????
en,English
en,English
en,English
en,English
en,English
en,English
en,English
th,???????
en,English
en,English
sw,Kiswahili
en,English
de,Deutsch
en,English
en,English
it,Italiano
es,Español
en,English
en,English
fr,Français
en,English
fr,Français
de,Deutsch
it,Italiano
en,English
fr,Français
fr,Français
en,English
fr,Français
ru,P??????
en,English
fr,Français
en,English
ru,P??????
en,English
en,English
en,English
fr,Français
en,English
en,English
fr,Français
it,Italiano
en,English
fr,Français
en,English
fr,Français
en,English
en,English
en,English
en,English
fr,Français
en,English
zh,???
en,English
en,English
en,English
en,English
en,English
en,English
en,English
en,English
en,English
es,Español
en,English
ru,P??????
en,English
ru,P??????
en,English
en,English
de,Deutsch
it,Italiano
en,English
en,English
en,English
en,English
fr,Français
pt,Português
es,Español
th,???????
en,English
en,English
en,English
en,English
en,English
en,English
en,English
en,English
en,English
no,Norsk
fr,Français
es,Español
fr,Français
en,English
en,English
bg,????????? ????
en,English
fr,Français
ru,P??????
es,Español
en,English
en,English
ur,????
ar,???????
en,English
ru,P??????
ur,????
he,????????
en,English
en,English
en,English
ru,P??????
ar,???????
de,Deutsch
el,????????
en,English
fr,Français
he,????????
it,Italiano
ru,P??????
en,English
en,English
it,Italiano
en,English
ru,P??????
de,Deutsch
es,Español
en,English
en,English
en,English
en,English
fr,Français
en,English
th,???????
el,????????
en,English
en,English
en,English
zh,???
en,English
en,English
en,English
en,English
en,English
en,English
en,English
en,English
de,Deutsch
cs,?eskı
en,English
en,English
en,English
en,English
en,English
ar,???????
en,English
en,English
en,English
en,English
fr,Français
la,Latin
gd,
en,English
es,Español
ar,???????
la,Latin
en,English
en,English
en,English
de,Deutsch
es,Español
en,English
fr,Français
th,???????
en,English
en,English
en,English
pt,Português
en,English
en,English
it,Italiano
ja,???
yi,
en,English
cs,?eskı
en,English
de,Deutsch
es,Español
ru,P??????
en,English
en,English
de,Deutsch
en,English
fr,Français
it,Italiano
en,English
en,English
es,Español
en,English
es,Español
fr,Français
en,English
en,English
it,Italiano
en,English
en,English
fr,Français
en,English
vi,Ti?ng Vi?t
fr,Français
en,English
ko,???/???
en,English
en,English
en,English
en,English
en,English
en,English
de,Deutsch
ru,P??????
fr,Français
en,English
en,English
en,English
es,Español
en,English
ar,???????
en,English
en,English
en,English
en,English
ja,???
en,English
en,English
hu,Magyar
ru,P??????
en,English
ru,P??????
en,English
th,???????
en,English
de,Deutsch
en,English
de,Deutsch
fr,Français
ja,???
ko,???/???
ru,P??????
ar,???????
en,English
en,English
es,Español
en,English
en,English
en,English
en,English
it,Italiano
zh,???
es,Español
bo,
de,Deutsch
en,English
en,English
de,Deutsch
en,English
de,Deutsch
ar,???????
ur,????
en,English
ar,???????
en,English
ru,P??????
uk,???????????
de,Deutsch
en,English
en,English
fr,Français
en,English
en,English
en,English
en,English
en,English
en,English
ar,???????
en,English
ja,???
fa,?????
en,English
ar,???????
en,English
en,English
en,English
en,English
en,English
en,English
cs,?eskı
de,Deutsch
en,English
fr,Français
en,English
en,English
fr,Français
en,English
en,English
en,English
en,English
en,English
en,English
en,English
en,English
en,English
es,Español
en,English
en,English
es,Español
it,Italiano
en,English
ja,???
en,English
en,English
en,English
en,English
en,English
en,English
en,English
he,????????
en,English
en,English
en,English
en,English
eo,Esperanto
en,English
en,English
ru,P??????
es,Español
en,English
en,English
en,English
en,English
en,English
en,English
en,English
en,English
en,English
it,Italiano
en,English
en,English
en,English
en,English
ja,???
en,English
en,English
en,English
en,English
en,English
ja,???
de,Deutsch
fr,Français
en,English
en,English
es,Español
en,English
en,English
en,English
zh,???
en,English
en,English
fr,Français
de,Deutsch
ru,P??????
en,English
en,English
en,English
es,Español
en,English
en,English
ja,???
en,English
ja,???
th,???????
en,English
en,English
en,English
fr,Français
en,English
en,English
en,English
en,English
en,English
fr,Français
de,Deutsch
nl,Nederlands
it,Italiano
en,English
ru,P??????
es,Español
en,English
en,English
he,????????
en,English
en,English
es,Español
en,English
en,English
fr,Français
de,Deutsch
th,???????
uk,???????????
en,English
it,Italiano
en,English
en,English
en,English
en,English
en,English
en,English
pt,Português
en,English
it,Italiano
en,English
en,English
ru,P??????
en,English
en,English
es,Español
en,English
en,English
th,???????
en,English
en,English
en,English
en,English
en,English
cn,??? / ???
zh,???
en,English
en,English
en,English
fr,Français
en,English
es,Español
en,English
en,English
ko,???/???
en,English
ru,P??????
en,English
en,English
en,English
en,English
ru,P??????
en,English
fr,Français
en,English
cn,??? / ???
en,English
en,English
en,English
es,Español
en,English
en,English
en,English
en,English
en,English
en,English
en,English
en,English
en,English
en,English
en,English
en,English
cn,??? / ???
en,English
en,English
de,Deutsch
ru,P??????
es,Español
en,English
it,Italiano
en,English
en,English
es,Español
en,English
fr,Français
en,English
en,English
en,English
en,English
en,English
ru,P??????
en,English
es,Español
en,English
en,English
en,English
en,English
en,English
pt,Português
en,English
pt,Português
en,English
th,???????
cn,??? / ???
en,English
it,Italiano
en,English
la,Latin
en,English
es,Español
en,English
en,English
fr,Français
en,English
en,English
en,English
en,English
en,English
en,English
en,English
en,English
en,English
fr,Français
ru,P??????
en,English
en,English
en,English
am,
km,
de,Deutsch
ce,
zh,???
en,English
ja,???
en,English
en,English
en,English
en,English
en,English
zh,???
es,Español
en,English
en,English
ru,P??????
en,English
de,Deutsch
en,English
en,English
it,Italiano
ru,P??????
es,Español
uk,???????????
en,English
en,English
es,Español
ja,???
en,English
fr,Français
de,Deutsch
en,English
fr,Français
de,Deutsch
it,Italiano
zh,???
es,Español
en,English
en,English
en,English
en,English
en,English
de,Deutsch
el,????????
it,Italiano
en,English
ko,???/???
en,English
en,English
en,English
es,Español
fr,Français
ja,???
en,English
en,English
en,English
en,English
en,English
en,English
es,Español
en,English
en,English
so,Somali
he,????????
en,English
en,English
en,English
en,English
fr,Français
en,English
en,English
cn,??? / ???
ar,???????
de,Deutsch
en,English
fr,Français
it,Italiano
ja,???
en,English
en,English
pl,Polski
en,English
ja,???
fr,Français
en,English
en,English
zh,???
es,Español
cn,??? / ???
en,English
en,English
en,English
zh,???
es,Español
en,English
en,English
en,English
zh,???
en,English
en,English
en,English
es,Español
en,English
fr,Français
ru,P??????
en,English
en,English
en,English
en,English
en,English
en,English
en,English
en,English
en,English
en,English
en,English
it,Italiano
en,English
sv,svenska
en,English
es,Español
en,English
en,English
en,English
en,English
de,Deutsch
en,English
en,English
en,English
co,
fr,Français
de,Deutsch
en,English
en,English
cs,?eskı
ro,Român?
en,English
en,English
es,Español
en,English
en,English
it,Italiano
de,Deutsch
la,Latin
en,English
en,English
en,English
en,English
en,English
en,English
es,Español
de,Deutsch
en,English
ru,P??????
fr,Français
fr,Français
es,Español
en,English
en,English
en,English
en,English
en,English
es,Español
en,English
en,English
en,English
en,English
fr,Français
en,English
ar,???????
en,English
en,English
el,????????
en,English
en,English
en,English
ru,P??????
en,English
en,English
en,English
de,Deutsch
en,English
fr,Français
zh,???
en,English
bo,
pa,??????
de,Deutsch
en,English
de,Deutsch
en,English
en,English
en,English
it,Italiano
en,English
en,English
en,English
en,English
pl,Polski
en,English
en,English
en,English
en,English
en,English
en,English
en,English
fr,Français
en,English
en,English
en,English
fr,Français
et,Eesti
en,English
ko,???/???
en,English
en,English
en,English
en,English
en,English
sq,shqip
en,English
en,English
fr,Français
en,English
en,English
en,English
en,English
en,English
en,English
es,Español
en,English
en,English
en,English
ko,???/???
fr,Français
en,English
de,Deutsch
en,English
en,English
en,English
zh,???
en,English
en,English
en,English
fr,Français
it,Italiano
es,Español
en,English
en,English
fr,Français
fr,Français
en,English
ar,???????
en,English
fa,?????
ur,????
fr,Français
zh,???
ar,???????
en,English
en,English
en,English
en,English
es,Español
en,English
cn,??? / ???
de,Deutsch
en,English
en,English
en,English
en,English
en,English
en,English
en,English
en,English
en,English
en,English
ru,P??????
sr,Srpski
bs,Bosanski
hr,Hrvatski
en,English
de,Deutsch
th,???????
en,English
en,English
cs,?eskı
en,English
en,English
en,English
fr,Français
hr,Hrvatski
sv,svenska
th,???????
en,English
en,English
en,English
en,English
en,English
en,English
fr,Français
en,English
en,English
es,Español
nl,Nederlands
en,English
de,Deutsch
ru,P??????
it,Italiano
en,English
en,English
en,English
en,English
es,Español
en,English
fr,Français
de,Deutsch
it,Italiano
ru,P??????
en,English
en,English
en,English
is,Íslenska
pt,Português
fr,Français
tl,
de,Deutsch
it,Italiano
en,English
de,Deutsch
en,English
es,Español
en,English
en,English
en,English
ru,P??????
tr,Türkçe
uk,???????????
ur,????
en,English
en,English
la,Latin
en,English
en,English
en,English
en,English
fr,Français
de,Deutsch
en,English
en,English
en,English
pl,Polski
en,English
en,English
en,English
en,English
en,English
en,English
en,English
en,English
en,English
en,English
en,English
en,English
es,Español
en,English
de,Deutsch
el,????????
en,English
en,English
fr,Français
en,English
en,English
en,English
en,English
pl,Polski
en,English
ar,???????
en,English
en,English
en,English
en,English
fr,Français
en,English
ru,P??????
es,Español
en,English
it,Italiano
en,English
en,English
en,English
en,English
hi,??????
en,English
en,English
en,English
en,English
ru,P??????
en,English
en,English
en,English
fr,Français
it,Italiano
en,English
en,English
en,English
en,English
en,English
en,English
en,English
es,Español
en,English
en,English
en,English
tr,Türkçe
ar,???????
en,English
en,English
es,Español
fr,Français
ru,P??????
en,English
is,Íslenska
it,Italiano
en,English
en,English
en,English
en,English
en,English
cs,?eskı
en,English
pt,Português
en,English
en,English
ru,P??????
es,Español
ko,???/???
en,English
en,English
en,English
ru,P??????
en,English
en,English
en,English
en,English
en,English
en,English
fr,Français
pt,Português
en,English
en,English
hu,Magyar
ru,P??????
en,English
en,English
en,English
en,English
it,Italiano
en,English
en,English
en,English
en,English
en,English
fr,Français
en,English
en,English
en,English
en,English
ja,???
en,English
fr,Français
en,English
en,English
it,Italiano
en,English
en,English
en,English
en,English
ru,P??????
en,English
en,English
en,English
en,English
en,English
en,English
en,English
es,Español
en,English
en,English
ko,???/???
en,English
de,Deutsch
it,Italiano
en,English
zh,???
th,???????
en,English
en,English
en,English
en,English
hu,Magyar
de,Deutsch
cn,??? / ???
en,English
zh,???
ru,P??????
en,English
en,English
fa,?????
en,English
en,English
en,English
en,English
vi,Ti?ng Vi?t
en,English
en,English
en,English
fr,Français
de,Deutsch
pl,Polski
ru,P??????
en,English
fr,Français
hu,Magyar
en,English
en,English
en,English
en,English
de,Deutsch
es,Español
en,English
en,English
en,English
en,English
en,English
en,English
es,Español
en,English
en,English
fr,Français
en,English
en,English
es,Español
bg,????????? ????
en,English
pt,Português
en,English
en,English
es,Español
en,English
en,English
cs,?eskı
en,English
de,Deutsch
en,English
es,Español
en,English
cs,?eskı
en,English
el,????????
ru,P??????
en,English
ar,???????
de,Deutsch
en,English
fr,Français
ru,P??????
es,Español
uk,???????????
tr,Türkçe
zh,???
en,English
ko,???/???
en,English
en,English
th,???????
fr,Français
en,English
en,English
fr,Français
en,English
en,English
la,Latin
es,Español
en,English
en,English
en,English
en,English
en,English
en,English
en,English
en,English
zh,???
en,English
fr,Français
es,Español
ko,???/???
en,English
en,English
en,English
en,English
en,English
en,English
en,English
en,English
en,English
en,English
en,English
en,English
en,English
la,Latin
ro,Român?
bg,????????? ????
el,????????
en,English
en,English
fr,Français
en,English
it,Italiano
en,English
en,English
en,English
en,English
en,English
fr,Français
en,English
en,English
es,Español
en,English
en,English
en,English
en,English
es,Español
en,English
en,English
es,Español
en,English
en,English
en,English
ru,P??????
en,English
de,Deutsch
cs,?eskı
en,English
es,Español
sh,
en,English
en,English
en,English
fr,Français
hu,Magyar
es,Español
en,English
en,English
en,English
en,English
de,Deutsch
tr,Türkçe
ar,???????
en,English
en,English
en,English
en,English
en,English
ar,???????
fr,Français
de,Deutsch
ru,P??????
cs,?eskı
sk,Sloven?ina
en,English
es,Español
ru,P??????
en,English
en,English
en,English
en,English
en,English
es,Español
en,English
fr,Français
ru,P??????
en,English
en,English
en,English
en,English
es,Español
en,English
en,English
en,English
la,Latin
en,English
en,English
en,English
en,English
en,English
en,English
en,English
en,English
ru,P??????
en,English
cn,??? / ???
en,English
en,English
en,English
pl,Polski
pt,Português
en,English
en,English
en,English
en,English
en,English
uk,???????????
en,English
en,English
en,English
en,English
en,English
en,English
en,English
hu,Magyar
en,English
en,English
es,Español
en,English
en,English
it,Italiano
en,English
es,Español
en,English
es,Español
en,English
en,English
en,English
en,English
en,English
en,English
en,English
fr,Français
la,Latin
en,English
en,English
en,English
es,Español
sv,svenska
th,???????
en,English
en,English
en,English
en,English
fr,Français
ru,P??????
en,English
en,English
en,English
en,English
en,English
ru,P??????
en,English
en,English
en,English
en,English
en,English
en,English
vi,Ti?ng Vi?t
de,Deutsch
en,English
en,English
en,English
fr,Français
en,English
en,English
en,English
pl,Polski
es,Español
en,English
en,English
en,English
es,Español
en,English
it,Italiano
ja,???
ru,P??????
en,English
hu,Magyar
sh,
en,English
zh,???
en,English
kk,?????
ro,Român?
en,English
fr,Français
ja,???
ko,???/???
fr,Français
en,English
en,English
ml,
te,??????
hi,??????
ta,?????
en,English
en,English
en,English
en,English
zh,???
en,English
en,English
it,Italiano
es,Español
th,???????
en,English
zh,???
th,???????
en,English
en,English
en,English
en,English
en,English
cn,??? / ???
ja,???
zh,???
en,English
pl,Polski
cn,??? / ???
en,English
zh,???
ru,P??????
en,English
en,English
en,English
ru,P??????
en,English
en,English
en,English
en,English
fr,Français
la,Latin
pl,Polski
pt,Português
es,Español
en,English
en,English
en,English
it,Italiano
da,Dansk
en,English
fr,Français
de,Deutsch
en,English
no,Norsk
en,English
en,English
en,English
en,English
en,English
en,English
ru,P??????
en,English
en,English
en,English
en,English
en,English
en,English
en,English
en,English
de,Deutsch
it,Italiano
fr,Français
en,English
fr,Français
de,Deutsch
en,English
es,Español
en,English
en,English
en,English
en,English
es,Español
en,English
en,English
ru,P??????
en,English
en,English
fr,Français
ar,???????
es,Español
ru,P??????
en,English
en,English
en,English
en,English
es,Español
ru,P??????
en,English
en,English
de,Deutsch
ja,???
en,English
en,English
it,Italiano
hu,Magyar
ru,P??????
la,Latin
cy,Cymraeg
en,English
eo,Esperanto
en,English
en,English
en,English
en,English
cn,??? / ???
en,English
zh,???
th,???????
de,Deutsch
en,English
en,English
fr,Français
en,English
en,English
en,English
es,Español
en,English
en,English
en,English
en,English
fr,Français
en,English
en,English
en,English
en,English
en,English
fr,Français
en,English
pl,Polski
pt,Português
de,Deutsch
it,Italiano
ar,???????
en,English
en,English
en,English
en,English
en,English
en,English
en,English
en,English
en,English
en,English
en,English
en,English
en,English
en,English
ar,???????
en,English
en,English
en,English
uk,???????????
en,English
en,English
en,English
es,Español
en,English
hy,
ja,???
en,English
it,Italiano
en,English
en,English
en,English
vi,Ti?ng Vi?t
en,English
ru,P??????
es,Español
en,English
en,English
en,English
en,English
en,English
es,Español
en,English
ja,???
en,English
de,Deutsch
ru,P??????
en,English
pt,Português
en,English
ru,P??????
en,English
en,English
en,English
en,English
en,English
en,English
la,Latin
en,English
fr,Français
de,Deutsch
en,English
en,English
en,English
de,Deutsch
en,English
en,English
en,English
en,English
it,Italiano
la,Latin
en,English
en,English
en,English
en,English
en,English
en,English
en,English
en,English
en,English
zh,???
en,English
es,Español
en,English
en,English
en,English
en,English
en,English
en,English
en,English
en,English
en,English
en,English
en,English
en,English
en,English
hu,Magyar
en,English
ru,P??????
en,English
en,English
it,Italiano
en,English
en,English
ru,P??????
en,English
en,English
fr,Français
en,English
en,English
zh,???
en,English
fr,Français
ru,P??????
en,English
en,English
en,English
iu,
en,English
fr,Français
es,Español
en,English
fr,Français
es,Español
fr,Français
it,Italiano
en,English
cn,??? / ???
zh,???
es,Español
wo,Wolof
en,English
es,Español
en,English
en,English
en,English
en,English
it,Italiano
en,English
en,English
sv,svenska
en,English
ja,???
en,English
en,English
en,English
en,English
en,English
af,Afrikaans
xh,
de,Deutsch
fi,suomi
fr,Français
ru,P??????
en,English
en,English
it,Italiano
en,English
de,Deutsch
fr,Français
en,English
en,English
en,English
en,English
th,???????
vi,Ti?ng Vi?t
en,English
en,English
en,English
es,Español
en,English
zh,???
ru,P??????
en,English
en,English
en,English
en,English
de,Deutsch
el,????????
la,Latin
en,English
en,English
en,English
en,English
en,English
es,Español
en,English
en,English
en,English
en,English
it,Italiano
pt,Português
en,English
en,English
en,English
es,Español
la,Latin
en,English
en,English
en,English
pt,Português
en,English
en,English
en,English
de,Deutsch
ja,???
en,English
en,English
en,English
fr,Français
it,Italiano
en,English
en,English
en,English
en,English
en,English
ko,???/???
en,English
en,English
en,English
de,Deutsch
en,English
en,English
de,Deutsch
zh,???
ru,P??????
en,English
km,
en,English
fr,Français
vi,Ti?ng Vi?t
en,English
en,English
en,English
en,English
sw,Kiswahili
en,English
en,English
it,Italiano
en,English
fr,Français
en,English
en,English
es,Español
en,English
en,English
en,English
hu,Magyar
en,English
en,English
it,Italiano
en,English
en,English
en,English
en,English
en,English
en,English
en,English
ru,P??????
en,English
en,English
de,Deutsch
en,English
en,English
en,English
en,English
en,English
af,Afrikaans
ny,
st,
xh,
zu,isiZulu
en,English
en,English
en,English
en,English
ga,Gaeilge
en,English
en,English
en,English
en,English
en,English
en,English
kw,
en,English
en,English
en,English
en,English
en,English
en,English
en,English
en,English
en,English
ja,???
de,Deutsch
es,Español
en,English
en,English
en,English
en,English
en,English
en,English
fr,Français
pt,Português
en,English
fr,Français
de,Deutsch
es,Español
en,English
en,English
en,English
en,English
en,English
en,English
en,English
en,English
en,English
en,English
en,English
fr,Français
en,English
it,Italiano
es,Español
en,English
ja,???
en,English
en,English
en,English
es,Español
en,English
en,English
en,English
es,Español
hu,Magyar
cs,?eskı
en,English
en,English
en,English
en,English
en,English
en,English
en,English
ja,???
en,English
cs,?eskı
en,English
en,English
en,English
en,English
fr,Français
de,Deutsch
it,Italiano
ar,???????
es,Español
en,English
en,English
en,English
en,English
en,English
en,English
en,English
en,English
fr,Français
da,Dansk
de,Deutsch
en,English
en,English
en,English
en,English
en,English
en,English
en,English
en,English
en,English
en,English
en,English
en,English
en,English
en,English
en,English
vi,Ti?ng Vi?t
en,English
sr,Srpski
es,Español
cn,??? / ???
cs,?eskı
en,English
en,English
en,English
en,English
en,English
en,English
en,English
he,????????
hu,Magyar
en,English
pt,Português
en,English
en,English
cs,?eskı
en,English
en,English
fr,Français
en,English
en,English
en,English
en,English
en,English
en,English
ja,???
hi,??????
en,English
en,English
en,English
fr,Français
he,????????
it,Italiano
es,Español
de,Deutsch
en,English
en,English
fr,Français
en,English
ru,P??????
fr,Français
en,English
en,English
en,English
en,English
en,English
fr,Français
it,Italiano
en,English
fr,Français
sq,shqip
es,Español
en,English
en,English
en,English
en,English
en,English
de,Deutsch
zh,???
en,English
en,English
fr,Français
zh,???
en,English
fr,Français
en,English
ar,???????
en,English
de,Deutsch
en,English
xh,
en,English
fr,Français
en,English
ru,P??????
en,English
en,English
en,English
en,English
ru,P??????
he,????????
en,English
es,Español
en,English
en,English
es,Español
en,English
es,Español
en,English
en,English
en,English
en,English
en,English
en,English
en,English
en,English
en,English
si,
en,English
en,English
ru,P??????
en,English
en,English
es,Español
en,English
de,Deutsch
it,Italiano
en,English
en,English
en,English
en,English
en,English
it,Italiano
en,English
ja,???
en,English
it,Italiano
en,English
en,English
el,????????
en,English
it,Italiano
en,English
en,English
en,English
en,English
pt,Português
en,English
en,English
en,English
en,English
de,Deutsch
es,Español
en,English
en,English
en,English
en,English
de,Deutsch
cn,??? / ???
ja,???
hu,Magyar
en,English
en,English
en,English
ru,P??????
en,English
fr,Français
en,English
fr,Français
en,English
en,English
en,English
en,English
en,English
en,English
en,English
en,English
zh,???
bo,
en,English
en,English
es,Español
en,English
de,Deutsch
en,English
ru,P??????
es,Español
en,English
hr,Hrvatski
en,English
en,English
en,English
hi,??????
en,English
fr,Français
ar,???????
en,English
en,English
en,English
en,English
zh,???
en,English
en,English
en,English
en,English
en,English
en,English
en,English
ru,P??????
en,English
en,English
en,English
en,English
en,English
en,English
en,English
en,English
en,English
en,English
en,English
en,English
en,English
en,English
fr,Français
en,English
he,????????
fr,Français
de,Deutsch
en,English
it,Italiano
la,Latin
en,English
en,English
zh,???
en,English
en,English
es,Español
en,English
en,English
en,English
es,Español
en,English
en,English
en,English
en,English
fr,Français
es,Español
en,English
nl,Nederlands
pl,Polski
de,Deutsch
la,Latin
en,English
ru,P??????
en,English
en,English
en,English
en,English
en,English
it,Italiano
cs,?eskı
en,English
en,English
en,English
fr,Français
en,English
en,English
en,English
de,Deutsch
ja,???
la,Latin
es,Español
en,English
en,English
en,English
en,English
en,English
en,English
pl,Polski
en,English
en,English
en,English
de,Deutsch
en,English
it,Italiano
sw,Kiswahili
he,????????
la,Latin
en,English
it,Italiano
en,English
en,English
es,Español
en,English
en,English
fr,Français
ar,???????
sq,shqip
en,English
en,English
de,Deutsch
pl,Polski
he,????????
en,English
en,English
en,English
en,English
en,English
ru,P??????
en,English
en,English
fr,Français
en,English
ru,P??????
en,English
en,English
en,English
en,English
es,Español
en,English
en,English
en,English
fr,Français
en,English
en,English
en,English
en,English
la,Latin
es,Español
en,English
zh,???
en,English
it,Italiano
la,Latin
en,English
en,English
en,English
en,English
en,English
en,English
en,English
en,English
it,Italiano
en,English
en,English
en,English
en,English
es,Español
en,English
cs,?eskı
en,English
ja,???
zh,???
ru,P??????
en,English
en,English
en,English
en,English
it,Italiano
en,English
en,English
en,English
el,????????
es,Español
en,English
fr,Français
zh,???
en,English
en,English
hi,??????
en,English
en,English
en,English
en,English
en,English
en,English
ko,???/???
ru,P??????
en,English
en,English
en,English
en,English
ru,P??????
es,Español
en,English
it,Italiano
en,English
fr,Français
en,English
en,English
en,English
ja,???
en,English
en,English
en,English
en,English
en,English
en,English
en,English
en,English
en,English
en,English
en,English
de,Deutsch
no,Norsk
en,English
en,English
en,English
en,English
en,English
cn,??? / ???
en,English
ja,???
zh,???
en,English
en,English
fr,Français
it,Italiano
ja,???
de,Deutsch
en,English
en,English
en,English
en,English
it,Italiano
en,English
en,English
en,English
pl,Polski
ru,P??????
fr,Français
en,English
en,English
en,English
en,English
en,English
en,English
en,English
en,English
pt,Português
en,English
en,English
en,English
es,Español
en,English
en,English
es,Español
es,Español
en,English
cn,??? / ???
en,English
fr,Français
it,Italiano
pl,Polski
en,English
en,English
en,English
en,English
it,Italiano
en,English
en,English
th,???????
en,English
en,English
en,English
en,English
en,English
en,English
en,English
en,English
en,English
en,English
fr,Français
ru,P??????
en,English
en,English
ja,???
en,English
en,English
pt,Português
en,English
en,English
en,English
en,English
en,English
en,English
es,Español
en,English
en,English
fr,Français
en,English
cs,?eskı
en,English
fr,Français
pl,Polski
ru,P??????
en,English
da,Dansk
en,English
hu,Magyar
la,Latin
en,English
ru,P??????
cn,??? / ???
zh,???
en,English
en,English
en,English
fr,Français
en,English
fi,suomi
en,English
es,Español
en,English
en,English
en,English
en,English
fr,Français
es,Español
en,English
en,English
en,English
en,English
en,English
it,Italiano
en,English
es,Español
en,English
en,English
en,English
en,English
en,English
en,English
en,English
en,English
en,English
fr,Français
en,English
en,English
en,English
en,English
en,English
en,English
en,English
ja,???
en,English
en,English
en,English
en,English
en,English
en,English
fr,Français
en,English
en,English
en,English
en,English
en,English
en,English
en,English
en,English
es,Español
en,English
es,Español
en,English
en,English
es,Español
en,English
en,English
fr,Français
en,English
en,English
fr,Français
en,English
en,English
en,English
fr,Français
it,Italiano
la,Latin
en,English
fr,Français
de,Deutsch
zh,???
cn,??? / ???
en,English
en,English
en,English
ru,P??????
tr,Türkçe
el,????????
en,English
en,English
en,English
en,English
en,English
en,English
en,English
en,English
en,English
hi,??????
hi,??????
en,English
fr,Français
en,English
es,Español
en,English
en,English
he,????????
en,English
en,English
fr,Français
en,English
en,English
nl,Nederlands
en,English
pl,Polski
pt,Português
en,English
ru,P??????
en,English
fr,Français
en,English
pl,Polski
pt,Português
es,Español
en,English
en,English
it,Italiano
en,English
es,Español
en,English
en,English
en,English
en,English
en,English
de,Deutsch
en,English
en,English
ja,???
en,English
de,Deutsch
en,English
en,English
en,English
en,English
nl,Nederlands
de,Deutsch
en,English
he,????????
en,English
fr,Français
de,Deutsch
la,Latin
en,English
fr,Français
pl,Polski
en,English
en,English
en,English
fr,Français
de,Deutsch
es,Español
en,English
fr,Français
hu,Magyar
en,English
en,English
en,English
en,English
es,Español
en,English
it,Italiano
en,English
ru,P??????
en,English
en,English
en,English
en,English
en,English
en,English
en,English
es,Español
en,English
en,English
fr,Français
zh,???
en,English
en,English
en,English
en,English
en,English
he,????????
fr,Français
en,English
ru,P??????
hu,Magyar
en,English
en,English
en,English
en,English
en,English
es,Español
de,Deutsch
he,????????
ar,???????
ne,
en,English
fr,Français
hi,??????
en,English
fr,Français
es,Español
en,English
pl,Polski
en,English
en,English
fr,Français
en,English
cn,??? / ???
en,English
ro,Român?
en,English
en,English
en,English
en,English
en,English
en,English
en,English
en,English
en,English
en,English
en,English
en,English
en,English
en,English
en,English
en,English
en,English
en,English
en,English
fr,Français
ru,P??????
en,English
en,English
en,English
en,English
en,English
en,English
fr,Français
pl,Polski
en,English
en,English
en,English
et,Eesti
fr,Français
en,English
en,English
en,English
en,English
en,English
ja,???
ru,P??????
en,English
en,English
en,English
en,English
en,English
it,Italiano
es,Español
en,English
en,English
es,Español
ar,???????
en,English
es,Español
fr,Français
ja,???
ru,P??????
en,English
en,English
ar,???????
en,English
fr,Français
ko,???/???
en,English
en,English
de,Deutsch
en,English
en,English
es,Español
en,English
en,English
en,English
it,Italiano
es,Español
en,English
en,English
en,English
ru,P??????
en,English
de,Deutsch
da,Dansk
en,English
en,English
en,English
fr,Français
ko,???/???
es,Español
en,English
en,English
en,English
en,English
tr,Türkçe
en,English
cs,?eskı
en,English
en,English
en,English
en,English
en,English
en,English
en,English
en,English
en,English
en,English
en,English
en,English
en,English
es,Español
en,English
la,Latin
en,English
en,English
en,English
en,English
fr,Français
de,Deutsch
en,English
en,English
en,English
en,English
da,Dansk
en,English
en,English
en,English
en,English
es,Español
en,English
en,English
es,Español
cn,??? / ???
en,English
en,English
pt,Português
ps,????
ru,P??????
ur,????
en,English
en,English
es,Español
en,English
en,English
en,English
pl,Polski
en,English
en,English
en,English
en,English
de,Deutsch
en,English
en,English
en,English
en,English
en,English
en,English
en,English
en,English
fr,Français
vi,Ti?ng Vi?t
cs,?eskı
en,English
en,English
en,English
es,Español
cs,?eskı
en,English
en,English
en,English
fr,Français
en,English
en,English
en,English
en,English
en,English
fr,Français
en,English
en,English
hu,Magyar
it,Italiano
en,English
en,English
en,English
en,English
en,English
en,English
en,English
en,English
en,English
en,English
en,English
en,English
en,English
es,Español
en,English
en,English
en,English
fr,Français
de,Deutsch
it,Italiano
ja,???
en,English
en,English
en,English
en,English
en,English
pt,Português
en,English
en,English
es,Español
en,English
en,English
de,Deutsch
en,English
en,English
en,English
es,Español
en,English
fr,Français
cs,?eskı
ja,???
en,English
ja,???
it,Italiano
fr,Français
de,Deutsch
en,English
en,English
en,English
en,English
en,English
en,English
ja,???
zh,???
en,English
en,English
es,Español
en,English
uk,???????????
en,English
fr,Français
en,English
ja,???
pl,Polski
en,English
en,English
en,English
cn,??? / ???
fr,Français
en,English
tr,Türkçe
en,English
en,English
en,English
zh,???
en,English
en,English
ta,?????
en,English
en,English
es,Español
en,English
en,English
fr,Français
zh,???
en,English
en,English
fr,Français
de,Deutsch
sv,svenska
en,English
en,English
en,English
cs,?eskı
en,English
de,Deutsch
en,English
en,English
en,English
en,English
en,English
en,English
pt,Português
en,English
en,English
en,English
it,Italiano
de,Deutsch
fr,Français
en,English
en,English
de,Deutsch
en,English
ja,???
zh,???
cn,??? / ???
en,English
en,English
de,Deutsch
en,English
en,English
en,English
en,English
en,English
en,English
en,English
en,English
en,English
en,English
la,Latin
en,English
fr,Français
it,Italiano
pl,Polski
es,Español
cn,??? / ???
en,English
en,English
pt,Português
en,English
sv,svenska
en,English
en,English
en,English
he,????????
kk,?????
en,English
en,English
ru,P??????
en,English
en,English
en,English
en,English
en,English
en,English
en,English
en,English
en,English
en,English
es,Español
en,English
de,Deutsch
it,Italiano
la,Latin
it,Italiano
en,English
sw,Kiswahili
en,English
de,Deutsch
vi,Ti?ng Vi?t
cs,?eskı
en,English
fr,Français
de,Deutsch
it,Italiano
pl,Polski
es,Español
en,English
en,English
en,English
en,English
en,English
ar,???????
de,Deutsch
en,English
en,English
en,English
en,English
en,English
it,Italiano
en,English
en,English
en,English
en,English
en,English
en,English
en,English
en,English
en,English
en,English
en,English
en,English
en,English
en,English
en,English
fr,Français
en,English
en,English
es,Español
en,English
en,English
en,English
en,English
en,English
en,English
en,English
en,English
hu,Magyar
en,English
en,English
en,English
zh,???
mn,
en,English
ru,P??????
en,English
en,English
en,English
zh,???
en,English
en,English
en,English
de,Deutsch
it,Italiano
la,Latin
pl,Polski
en,English
en,English
en,English
en,English
en,English
fr,Français
de,Deutsch
en,English
es,Español
ar,???????
hu,Magyar
ja,???
ru,P??????
en,English
en,English
en,English
en,English
en,English
fr,Français
en,English
en,English
en,English
en,English
en,English
ru,P??????
en,English
en,English
en,English
fr,Français
en,English
ru,P??????
sr,Srpski
en,English
en,English
en,English
fr,Français
en,English
en,English
en,English
en,English
en,English
hy,
en,English
en,English
de,Deutsch
en,English
de,Deutsch
en,English
en,English
en,English
en,English
en,English
en,English
en,English
en,English
en,English
it,Italiano
en,English
en,English
en,English
en,English
en,English
en,English
en,English
en,English
en,English
en,English
en,English
en,English
en,English
es,Español
en,English
fr,Français
it,Italiano
ru,P??????
th,???????
en,English
en,English
ru,P??????
en,English
en,English
en,English
en,English
en,English
es,Español
en,English
en,English
fr,Français
es,Español
en,English
en,English
cs,?eskı
en,English
en,English
en,English
en,English
en,English
tr,Türkçe
en,English
en,English
fa,?????
en,English
en,English
en,English
en,English
en,English
en,English
fr,Français
en,English
he,????????
en,English
en,English
en,English
en,English
es,Español
fr,Français
en,English
en,English
en,English
en,English
en,English
en,English
es,Español
en,English
ar,???????
en,English
sv,svenska
en,English
en,English
es,Español
en,English
en,English
en,English
en,English
en,English
en,English
en,English
en,English
en,English
en,English
fr,Français
ru,P??????
en,English
zh,???
en,English
en,English
en,English
en,English
en,English
la,Latin
en,English
pl,Polski
en,English
fr,Français
zh,???
ru,P??????
es,Español
en,English
fr,Français
es,Español
en,English
fr,Français
en,English
en,English
ja,???
en,English
en,English
ja,???
en,English
en,English
en,English
hy,
en,English
fr,Français
de,Deutsch
tr,Türkçe
en,English
en,English
fr,Français
ja,???
ru,P??????
en,English
fr,Français
en,English
en,English
en,English
fr,Français
ru,P??????
en,English
en,English
zh,???
en,English
en,English
en,English
en,English
en,English
en,English
ko,???/???
en,English
en,English
en,English
en,English
en,English
en,English
en,English
de,Deutsch
en,English
fr,Français
en,English
en,English
en,English
de,Deutsch
fr,Français
en,English
en,English
en,English
fr,Français
it,Italiano
en,English
fr,Français
ru,P??????
vi,Ti?ng Vi?t
sq,shqip
en,English
it,Italiano
en,English
en,English
es,Español
de,Deutsch
en,English
en,English
en,English
en,English
en,English
en,English
es,Español
en,English
la,Latin
en,English
fr,Français
it,Italiano
en,English
en,English
ar,???????
en,English
tr,Türkçe
en,English
en,English
en,English
en,English
en,English
en,English
en,English
en,English
en,English
en,English
en,English
en,English
en,English
en,English
es,Español
en,English
es,Español
en,English
en,English
en,English
en,English
en,English
en,English
en,English
en,English
en,English
en,English
es,Español
en,English
en,English
fr,Français
ar,???????
en,English
en,English
en,English
en,English
en,English
es,Español
en,English
en,English
fr,Français
en,English
ar,???????
tr,Türkçe
en,English
it,Italiano
en,English
en,English
en,English
en,English
en,English
fr,Français
gd,
en,English
en,English
en,English
cs,?eskı
en,English
en,English
en,English
en,English
fr,Français
it,Italiano
en,English
en,English
en,English
en,English
en,English
en,English
en,English
fr,Français
en,English
he,????????
es,Español
de,Deutsch
cs,?eskı
en,English
en,English
en,English
fr,Français
ur,????
en,English
en,English
es,Español
sv,svenska
de,Deutsch
en,English
en,English
en,English
en,English
en,English
fr,Français
en,English
en,English
en,English
en,English
fr,Français
en,English
es,Español
en,English
en,English
en,English
es,Español
en,English
en,English
pl,Polski
en,English
en,English
en,English
fr,Français
zh,???
ru,P??????
es,Español
en,English
en,English
ru,P??????
en,English
en,English
en,English
fr,Français
gd,
xx,No Language
fr,Français
en,English
zh,???
en,English
ru,P??????
cs,?eskı
zh,???
ru,P??????
th,???????
en,English
gd,
en,English
en,English
fr,Français
en,English
en,English
en,English
de,Deutsch
en,English
it,Italiano
en,English
en,English
en,English
en,English
es,Español
ja,???
zh,???
cn,??? / ???
en,English
en,English
en,English
fr,Français
it,Italiano
en,English
en,English
en,English
fr,Français
de,Deutsch
it,Italiano
yi,
en,English
en,English
en,English
fr,Français
hi,??????
en,English
en,English
en,English
it,Italiano
ja,???
en,English
en,English
en,English
es,Español
en,English
fr,Français
de,Deutsch
ru,P??????
en,English
en,English
en,English
it,Italiano
ar,???????
en,English
it,Italiano
en,English
en,English
en,English
en,English
cs,?eskı
en,English
en,English
fr,Français
en,English
fr,Français
en,English
en,English
fr,Français
es,Español
en,English
en,English
en,English
en,English
en,English
en,English
it,Italiano
ru,P??????
en,English
en,English
en,English
en,English
en,English
en,English
de,Deutsch
es,Español
en,English
en,English
fr,Français
en,English
en,English
it,Italiano
en,English
af,Afrikaans
en,English
zu,isiZulu
en,English
en,English
en,English
en,English
fr,Français
en,English
fr,Français
de,Deutsch
it,Italiano
zh,???
en,English
en,English
en,English
en,English
en,English
en,English
es,Español
en,English
en,English
en,English
en,English
en,English
vi,Ti?ng Vi?t
en,English
hu,Magyar
de,Deutsch
ru,P??????
gl,Galego
es,Español
en,English
en,English
ko,???/???
en,English
en,English
fr,Français
it,Italiano
en,English
it,Italiano
la,Latin
es,Español
en,English
en,English
en,English
en,English
fr,Français
ja,???
en,English
en,English
en,English
en,English
fr,Français
en,English
it,Italiano
pt,Português
en,English
en,English
en,English
en,English
en,English
en,English
es,Español
en,English
en,English
en,English
tr,Türkçe
en,English
en,English
en,English
en,English
fr,Français
en,English
en,English
es,Español
en,English
en,English
ja,???
en,English
en,English
en,English
en,English
en,English
en,English
fr,Français
en,English
en,English
en,English
en,English
ru,P??????
en,English
es,Español
fr,Français
en,English
zh,???
ar,???????
en,English
en,English
fr,Français
en,English
en,English
en,English
pl,Polski
en,English
en,English
en,English
de,Deutsch
en,English
en,English
de,Deutsch
en,English
bs,Bosanski
hr,Hrvatski
en,English
sr,Srpski
en,English
en,English
ko,???/???
en,English
en,English
xx,No Language
en,English
ja,???
ru,P??????
es,Español
en,English
en,English
it,Italiano
en,English
en,English
en,English
en,English
en,English
es,Español
en,English
en,English
es,Español
en,English
en,English
fr,Français
en,English
it,Italiano
en,English
en,English
en,English
es,Español
en,English
fr,Français
en,English
ko,???/???
en,English
de,Deutsch
fr,Français
la,Latin
ar,???????
el,????????
en,English
en,English
en,English
fr,Français
cs,?eskı
en,English
it,Italiano
en,English
en,English
en,English
en,English
en,English
de,Deutsch
en,English
en,English
ru,P??????
en,English
cs,?eskı
en,English
en,English
en,English
en,English
en,English
en,English
en,English
en,English
en,English
en,English
en,English
es,Español
en,English
en,English
en,English
en,English
en,English
fr,Français
ru,P??????
en,English
en,English
ru,P??????
en,English
he,????????
en,English
en,English
en,English
en,English
en,English
en,English
en,English
en,English
en,English
en,English
es,Español
en,English
en,English
en,English
en,English
es,Español
ko,???/???
en,English
en,English
en,English
en,English
en,English
en,English
de,Deutsch
en,English
fr,Français
en,English
en,English
zh,???
en,English
en,English
en,English
en,English
en,English
en,English
en,English
en,English
en,English
en,English
en,English
en,English
en,English
ko,???/???
en,English
en,English
it,Italiano
es,Español
en,English
it,Italiano
ja,???
es,Español
zh,???
en,English
en,English
cn,??? / ???
ja,???
zh,???
en,English
en,English
en,English
fr,Français
ro,Român?
en,English
it,Italiano
ja,???
es,Español
en,English
en,English
en,English
en,English
ru,P??????
en,English
es,Español
pl,Polski
en,English
de,Deutsch
he,????????
hu,Magyar
pl,Polski
yi,
cs,?eskı
en,English
fr,Français
zh,???
en,English
en,English
de,Deutsch
ja,???
zh,???
en,English
de,Deutsch
zh,???
ru,P??????
ja,???
en,English
ka,???????
en,English
en,English
en,English
en,English
ru,P??????
en,English
en,English
en,English
ja,???
en,English
zh,???
cn,??? / ???
en,English
es,Español
en,English
en,English
en,English
ru,P??????
en,English
pt,Português
en,English
en,English
en,English
en,English
en,English
en,English
en,English
en,English
en,English
sw,Kiswahili
en,English
en,English
vi,Ti?ng Vi?t
en,English
fr,Français
en,English
fr,Français
la,Latin
en,English
en,English
en,English
es,Español
th,???????
vi,Ti?ng Vi?t
en,English
en,English
en,English
en,English
de,Deutsch
fr,Français
en,English
en,English
en,English
en,English
fr,Français
en,English
en,English
en,English
de,Deutsch
en,English
en,English
en,English
en,English
en,English
en,English
en,English
hi,??????
hu,Magyar
es,Español
en,English
en,English
en,English
fr,Français
en,English
en,English
en,English
ru,P??????
de,Deutsch
en,English
en,English
en,English
en,English
en,English
en,English
hi,??????
en,English
en,English
en,English
en,English
ru,P??????
en,English
en,English
en,English
en,English
hi,??????
en,English
es,Español
en,English
fr,Français
en,English
en,English
it,Italiano
en,English
en,English
ru,P??????
pl,Polski
en,English
en,English
en,English
en,English
en,English
en,English
es,Español
en,English
es,Español
en,English
fr,Français
de,Deutsch
en,English
en,English
ja,???
en,English
en,English
en,English
fr,Français
de,Deutsch
el,????????
en,English
hi,??????
en,English
en,English
en,English
en,English
en,English
es,Español
en,English
uk,???????????
en,English
fr,Français
pt,Português
en,English
th,???????
en,English
en,English
en,English
en,English
en,English
en,English
fr,Français
de,Deutsch
vi,Ti?ng Vi?t
en,English
pt,Português
en,English
en,English
en,English
hu,Magyar
en,English
en,English
en,English
en,English
ru,P??????
en,English
en,English
fr,Français
en,English
en,English
en,English
no,Norsk
en,English
en,English
en,English
es,Español
fr,Français
en,English
la,Latin
es,Español
en,English
en,English
en,English
en,English
de,Deutsch
en,English
en,English
en,English
en,English
en,English
sv,svenska
cn,??? / ???
en,English
zh,???
en,English
en,English
es,Español
pt,Português
en,English
en,English
en,English
en,English
en,English
pl,Polski
en,English
en,English
en,English
es,Español
en,English
en,English
en,English
it,Italiano
en,English
fr,Français
en,English
pt,Português
en,English
en,English
en,English
ru,P??????
fr,Français
so,Somali
es,Español
en,English
en,English
en,English
en,English
en,English
en,English
en,English
en,English
en,English
fr,Français
de,Deutsch
it,Italiano
zh,???
es,Español
en,English
en,English
en,English
en,English
en,English
en,English
en,English
fr,Français
hu,Magyar
en,English
en,English
it,Italiano
en,English
en,English
it,Italiano
ru,P??????
en,English
en,English
en,English
fr,Français
en,English
fa,?????
es,Español
zh,???
ko,???/???
en,English
fr,Français
en,English
en,English
en,English
pl,Polski
en,English
hu,Magyar
en,English
en,English
en,English
en,English
es,Español
en,English
en,English
en,English
en,English
hi,??????
en,English
en,English
cs,?eskı
en,English
fr,Français
en,English
en,English
en,English
en,English
it,Italiano
el,????????
en,English
en,English
cn,??? / ???
zh,???
pt,Português
th,???????
en,English
de,Deutsch
fr,Français
hu,Magyar
en,English
hu,Magyar
en,English
fr,Français
en,English
en,English
en,English
en,English
en,English
hu,Magyar
ru,P??????
en,English
en,English
en,English
fr,Français
es,Español
fr,Français
en,English
ru,P??????
en,English
pl,Polski
ru,P??????
en,English
en,English
en,English
en,English
no,Norsk
en,English
en,English
en,English
pl,Polski
en,English
en,English
en,English
en,English
hu,Magyar
en,English
en,English
en,English
is,Íslenska
ru,P??????
es,Español
sv,svenska
en,English
pa,??????
en,English
en,English
en,English
ko,???/???
en,English
en,English
en,English
en,English
en,English
en,English
en,English
ja,???
ru,P??????
en,English
fr,Français
en,English
en,English
en,English
es,Español
en,English
hu,Magyar
en,English
en,English
en,English
en,English
hi,??????
es,Español
en,English
en,English
pl,Polski
hi,??????
en,English
es,Español
en,English
en,English
en,English
he,????????
ru,P??????
en,English
fr,Français
en,English
it,Italiano
en,English
en,English
en,English
en,English
fr,Français
ru,P??????
es,Español
en,English
en,English
fr,Français
en,English
hi,??????
en,English
en,English
ru,P??????
en,English
pt,Português
en,English
it,Italiano
en,English
en,English
fr,Français
en,English
en,English
en,English
fr,Français
en,English
en,English
es,Español
en,English
en,English
en,English
en,English
en,English
en,English
ja,???
ko,???/???
es,Español
en,English
th,???????
en,English
fr,Français
ar,???????
en,English
fr,Français
en,English
en,English
da,Dansk
de,Deutsch
en,English
en,English
fr,Français
en,English
en,English
en,English
en,English
en,English
ar,???????
fr,Français
ja,???
en,English
en,English
th,???????
en,English
en,English
en,English
es,Español
en,English
en,English
en,English
en,English
no,Norsk
en,English
bn,?????
cs,?eskı
en,English
fr,Français
hi,??????
en,English
en,English
en,English
ko,???/???
fr,Français
en,English
en,English
hi,??????
ur,????
en,English
en,English
it,Italiano
hi,??????
en,English
ga,Gaeilge
la,Latin
hi,??????
en,English
en,English
ar,???????
en,English
ku,
tr,Türkçe
en,English
es,Español
fr,Français
en,English
en,English
en,English
en,English
fr,Français
it,Italiano
en,English
it,Italiano
en,English
en,English
es,Español
en,English
en,English
en,English
en,English
en,English
en,English
ja,???
en,English
en,English
en,English
en,English
en,English
de,Deutsch
en,English
en,English
en,English
en,English
tr,Türkçe
en,English
es,Español
en,English
es,Español
cn,??? / ???
en,English
en,English
fr,Français
en,English
it,Italiano
es,Español
en,English
de,Deutsch
pl,Polski
en,English
en,English
en,English
en,English
de,Deutsch
en,English
en,English
en,English
it,Italiano
pt,Português
es,Español
pt,Português
en,English
en,English
de,Deutsch
en,English
en,English
fr,Français
ja,???
en,English
en,English
en,English
en,English
en,English
en,English
en,English
en,English
en,English
en,English
it,Italiano
en,English
en,English
en,English
en,English
en,English
en,English
en,English
en,English
en,English
en,English
en,English
fr,Français
en,English
ja,???
en,English
en,English
fr,Français
en,English
zh,???
en,English
en,English
en,English
fr,Français
en,English
en,English
en,English
de,Deutsch
en,English
hu,Magyar
pl,Polski
it,Italiano
en,English
cn,??? / ???
en,English
ar,???????
fr,Français
es,Español
en,English
en,English
pl,Polski
en,English
en,English
pl,Polski
en,English
en,English
de,Deutsch
pl,Polski
en,English
en,English
en,English
en,English
en,English
fr,Français
en,English
en,English
en,English
fr,Français
en,English
hi,??????
en,English
fr,Français
de,Deutsch
fa,?????
en,English
de,Deutsch
en,English
en,English
en,English
it,Italiano
en,English
en,English
en,English
de,Deutsch
en,English
it,Italiano
la,Latin
en,English
pt,Português
en,English
fr,Français
sv,svenska
en,English
mi,
en,English
en,English
en,English
hu,Magyar
en,English
en,English
en,English
en,English
en,English
en,English
en,English
th,???????
cn,??? / ???
en,English
en,English
fr,Français
en,English
en,English
en,English
en,English
es,Español
en,English
en,English
it,Italiano
en,English
ru,P??????
en,English
en,English
en,English
he,????????
yi,
en,English
fr,Français
en,English
en,English
en,English
es,Español
en,English
en,English
en,English
hi,??????
hu,Magyar
it,Italiano
pa,??????
es,Español
en,English
en,English
en,English
en,English
to,
hi,??????
en,English
en,English
pl,Polski
en,English
en,English
en,English
fr,Français
sk,Sloven?ina
en,English
en,English
en,English
en,English
es,Español
en,English
en,English
fr,Français
en,English
it,Italiano
en,English
en,English
en,English
en,English
en,English
en,English
fr,Français
en,English
en,English
ru,P??????
en,English
fr,Français
en,English
en,English
es,Español
cn,??? / ???
en,English
ru,P??????
en,English
en,English
en,English
en,English
en,English
en,English
en,English
de,Deutsch
en,English
en,English
en,English
fr,Français
ar,???????
en,English
en,English
fr,Français
it,Italiano
en,English
pt,Português
en,English
en,English
en,English
en,English
en,English
en,English
fr,Français
de,Deutsch
ru,P??????
en,English
en,English
en,English
en,English
en,English
de,Deutsch
sw,Kiswahili
en,English
en,English
ro,Român?
en,English
en,English
en,English
en,English
en,English
es,Español
en,English
en,English
en,English
de,Deutsch
en,English
en,English
en,English
en,English
en,English
vi,Ti?ng Vi?t
ar,???????
en,English
en,English
es,Español
en,English
en,English
en,English
en,English
en,English
en,English
es,Español
en,English
fr,Français
hu,Magyar
en,English
en,English
en,English
en,English
en,English
en,English
en,English
en,English
zh,???
cn,??? / ???
en,English
en,English
en,English
fr,Français
en,English
en,English
en,English
fr,Français
de,Deutsch
sw,Kiswahili
en,English
en,English
en,English
en,English
en,English
en,English
fr,Français
en,English
es,Español
en,English
ga,Gaeilge
en,English
en,English
en,English
en,English
en,English
en,English
fr,Français
en,English
en,English
de,Deutsch
en,English
en,English
de,Deutsch
en,English
fr,Français
hu,Magyar
en,English
en,English
en,English
de,Deutsch
es,Español
en,English
en,English
en,English
es,Español
en,English
en,English
fr,Français
en,English
zh,???
en,English
en,English
en,English
en,English
fr,Français
de,Deutsch
ru,P??????
en,English
pl,Polski
en,English
en,English
en,English
fr,Français
en,English
en,English
en,English
en,English
en,English
en,English
it,Italiano
fr,Français
es,Español
en,English
ca,Català
da,Dansk
de,Deutsch
en,English
nl,Nederlands
en,English
de,Deutsch
en,English
de,Deutsch
en,English
en,English
zh,???
en,English
zh,???
th,???????
vi,Ti?ng Vi?t
en,English
en,English
pa,??????
en,English
en,English
hi,??????
es,Español
en,English
en,English
en,English
fr,Français
en,English
en,English
yi,
en,English
en,English
en,English
en,English
en,English
fr,Français
en,English
fr,Français
it,Italiano
en,English
en,English
en,English
fr,Français
fr,Français
ja,???
hi,??????
en,English
en,English
es,Español
en,English
en,English
da,Dansk
en,English
no,Norsk
ru,P??????
en,English
en,English
en,English
en,English
en,English
hi,??????
en,English
th,???????
en,English
en,English
en,English
en,English
en,English
en,English
en,English
es,Español
en,English
en,English
en,English
en,English
en,English
en,English
en,English
en,English
en,English
en,English
ja,???
en,English
en,English
en,English
en,English
en,English
en,English
en,English
en,English
en,English
en,English
en,English
en,English
en,English
en,English
en,English
en,English
en,English
en,English
el,????????
en,English
en,English
fr,Français
en,English
el,????????
en,English
en,English
en,English
es,Español
en,English
en,English
ru,P??????
en,English
es,Español
en,English
en,English
en,English
en,English
es,Español
cs,?eskı
en,English
en,English
es,Español
fr,Français
en,English
th,???????
en,English
en,English
en,English
en,English
fr,Français
en,English
en,English
de,Deutsch
en,English
en,English
en,English
fr,Français
en,English
en,English
en,English
es,Español
en,English
en,English
pt,Português
en,English
en,English
en,English
es,Español
en,English
en,English
he,????????
en,English
en,English
es,Español
ar,???????
fr,Français
fr,Français
en,English
de,Deutsch
en,English
en,English
en,English
pt,Português
en,English
en,English
en,English
en,English
en,English
en,English
en,English
en,English
en,English
en,English
es,Español
en,English
en,English
hi,??????
en,English
en,English
en,English
en,English
de,Deutsch
en,English
en,English
en,English
en,English
en,English
es,Español
en,English
en,English
pt,Português
es,Español
en,English
fr,Français
pl,Polski
en,English
en,English
en,English
en,English
en,English
pt,Português
en,English
en,English
ar,???????
en,English
ro,Român?
en,English
en,English
en,English
en,English
fr,Français
de,Deutsch
en,English
pl,Polski
cs,?eskı
de,Deutsch
el,????????
en,English
fr,Français
en,English
en,English
en,English
en,English
en,English
en,English
en,English
en,English
en,English
en,English
th,???????
fr,Français
en,English
en,English
en,English
fr,Français
en,English
en,English
en,English
en,English
en,English
en,English
en,English
en,English
en,English
en,English
en,English
en,English
es,Español
en,English
es,Español
en,English
en,English
nl,Nederlands
en,English
fr,Français
de,Deutsch
en,English
en,English
en,English
ja,???
ko,???/???
fr,Français
en,English
it,Italiano
cn,??? / ???
es,Español
en,English
ru,P??????
sv,svenska
en,English
en,English
hi,??????
en,English
en,English
en,English
fr,Français
ar,???????
hi,??????
ml,
en,English
en,English
sr,Srpski
en,English
en,English
de,Deutsch
en,English
es,Español
sr,Srpski
sv,svenska
en,English
mi,
hi,??????
fr,Français
de,Deutsch
en,English
en,English
de,Deutsch
ru,P??????
en,English
en,English
en,English
en,English
ja,???
en,English
en,English
de,Deutsch
en,English
de,Deutsch
en,English
en,English
en,English
en,English
en,English
en,English
en,English
it,Italiano
en,English
en,English
en,English
de,Deutsch
fr,Français
ru,P??????
en,English
de,Deutsch
es,Español
en,English
es,Español
en,English
en,English
en,English
en,English
en,English
ru,P??????
en,English
en,English
en,English
es,Español
en,English
en,English
de,Deutsch
en,English
fr,Français
ru,P??????
es,Español
en,English
pl,Polski
pt,Português
es,Español
en,English
en,English
en,English
en,English
en,English
pt,Português
en,English
en,English
en,English
en,English
en,English
en,English
en,English
it,Italiano
es,Español
en,English
en,English
en,English
en,English
fr,Français
en,English
en,English
en,English
en,English
en,English
de,Deutsch
es,Español
en,English
en,English
en,English
en,English
en,English
es,Español
de,Deutsch
en,English
en,English
de,Deutsch
pt,Português
en,English
fr,Français
de,Deutsch
en,English
it,Italiano
en,English
ru,P??????
en,English
ar,???????
en,English
fr,Français
en,English
de,Deutsch
en,English
it,Italiano
en,English
en,English
en,English
en,English
en,English
en,English
fr,Français
la,Latin
es,Español
en,English
de,Deutsch
en,English
en,English
en,English
fr,Français
es,Español
en,English
ar,???????
en,English
ur,????
pt,Português
en,English
en,English
en,English
it,Italiano
en,English
en,English
it,Italiano
en,English
en,English
en,English
en,English
en,English
en,English
en,English
en,English
en,English
en,English
en,English
en,English
en,English
en,English
fr,Français
en,English
hu,Magyar
es,Español
en,English
en,English
en,English
en,English
es,Español
no,Norsk
en,English
en,English
en,English
en,English
en,English
ru,P??????
en,English
en,English
en,English
en,English
en,English
en,English
it,Italiano
en,English
en,English
hu,Magyar
fr,Français
en,English
en,English
es,Español
en,English
en,English
en,English
pt,Português
en,English
en,English
en,English
da,Dansk
pl,Polski
en,English
en,English
en,English
es,Español
en,English
en,English
en,English
fr,Français
en,English
en,English
en,English
en,English
es,Español
en,English
fr,Français
en,English
en,English
zh,???
en,English
es,Español
en,English
en,English
en,English
en,English
en,English
en,English
ga,Gaeilge
la,Latin
en,English
zh,???
en,English
en,English
it,Italiano
en,English
en,English
pt,Português
fr,Français
br,
en,English
en,English
en,English
en,English
en,English
en,English
ja,???
th,???????
en,English
en,English
en,English
en,English
en,English
en,English
de,Deutsch
no,Norsk
sv,svenska
en,English
de,Deutsch
en,English
tr,Türkçe
en,English
en,English
en,English
en,English
en,English
en,English
de,Deutsch
it,Italiano
es,Español
en,English
en,English
el,????????
fr,Français
en,English
en,English
en,English
en,English
hi,??????
en,English
ru,P??????
ur,????
it,Italiano
en,English
en,English
en,English
en,English
fr,Français
de,Deutsch
en,English
es,Español
en,English
en,English
it,Italiano
en,English
en,English
en,English
es,Español
en,English
af,Afrikaans
xh,
zu,isiZulu
en,English
ru,P??????
en,English
en,English
ko,???/???
en,English
en,English
en,English
en,English
en,English
en,English
en,English
en,English
en,English
en,English
en,English
de,Deutsch
en,English
en,English
en,English
en,English
en,English
en,English
en,English
en,English
de,Deutsch
en,English
pt,Português
ru,P??????
en,English
en,English
en,English
en,English
it,Italiano
en,English
en,English
en,English
en,English
en,English
es,Español
en,English
en,English
pt,Português
en,English
es,Español
en,English
en,English
en,English
en,English
it,Italiano
en,English
fr,Français
en,English
pt,Português
en,English
en,English
en,English
en,English
en,English
en,English
de,Deutsch
en,English
hi,??????
en,English
ar,???????
en,English
it,Italiano
da,Dansk
en,English
fr,Français
nl,Nederlands
en,English
en,English
de,Deutsch
yi,
en,English
es,Español
pl,Polski
en,English
en,English
en,English
es,Español
zh,???
en,English
en,English
en,English
en,English
en,English
en,English
en,English
en,English
en,English
en,English
en,English
en,English
en,English
de,Deutsch
fr,Français
fr,Français
en,English
en,English
zh,???
en,English
en,English
en,English
ar,???????
en,English
he,????????
fa,?????
es,Español
en,English
en,English
en,English
en,English
en,English
hi,??????
de,Deutsch
la,Latin
en,English
es,Español
en,English
en,English
en,English
en,English
en,English
en,English
de,Deutsch
en,English
en,English
en,English
en,English
fr,Français
en,English
es,Español
fr,Français
en,English
en,English
en,English
en,English
en,English
nl,Nederlands
en,English
pl,Polski
en,English
en,English
en,English
en,English
en,English
pt,Português
en,English
en,English
en,English
en,English
en,English
en,English
en,English
en,English
en,English
no,Norsk
es,Español
en,English
ja,???
es,Español
en,English
en,English
en,English
en,English
ru,P??????
tr,Türkçe
ro,Român?
en,English
ja,???
en,English
yi,
en,English
en,English
it,Italiano
en,English
en,English
cn,??? / ???
en,English
en,English
de,Deutsch
en,English
en,English
en,English
fr,Français
pt,Português
en,English
en,English
en,English
fr,Français
es,Español
en,English
pt,Português
es,Español
en,English
en,English
en,English
en,English
en,English
en,English
en,English
it,Italiano
en,English
en,English
es,Español
ko,???/???
en,English
en,English
de,Deutsch
en,English
he,????????
ar,???????
de,Deutsch
en,English
en,English
en,English
hu,Magyar
en,English
en,English
en,English
fr,Français
it,Italiano
en,English
en,English
fr,Français
fr,Français
en,English
fr,Français
en,English
en,English
en,English
en,English
it,Italiano
en,English
en,English
en,English
hi,??????
en,English
de,Deutsch
en,English
en,English
cs,?eskı
en,English
it,Italiano
en,English
en,English
en,English
en,English
en,English
en,English
af,Afrikaans
en,English
en,English
en,English
en,English
en,English
yi,
en,English
en,English
en,English
de,Deutsch
ru,P??????
es,Español
cn,??? / ???
en,English
en,English
pl,Polski
en,English
en,English
en,English
en,English
en,English
de,Deutsch
en,English
en,English
en,English
en,English
fr,Français
en,English
de,Deutsch
en,English
en,English
en,English
en,English
en,English
en,English
en,English
ar,???????
fr,Français
hi,??????
en,English
fr,Français
en,English
en,English
en,English
en,English
en,English
en,English
es,Español
en,English
en,English
en,English
en,English
ta,?????
en,English
en,English
dz,
en,English
en,English
de,Deutsch
en,English
en,English
en,English
fr,Français
de,Deutsch
en,English
de,Deutsch
en,English
ja,???
en,English
en,English
en,English
es,Español
en,English
sh,
en,English
en,English
en,English
en,English
en,English
hi,??????
en,English
en,English
ru,P??????
en,English
en,English
en,English
en,English
fr,Français
ar,???????
en,English
he,????????
en,English
en,English
hi,??????
fr,Français
de,Deutsch
en,English
en,English
en,English
en,English
en,English
en,English
fr,Français
en,English
en,English
th,???????
en,English
en,English
he,????????
en,English
en,English
en,English
es,Español
en,English
he,????????
en,English
en,English
en,English
fr,Français
en,English
he,????????
hu,Magyar
en,English
en,English
en,English
en,English
en,English
en,English
en,English
en,English
en,English
en,English
en,English
en,English
hy,
en,English
fr,Français
en,English
en,English
en,English
en,English
en,English
en,English
en,English
ro,Român?
en,English
en,English
en,English
es,Español
en,English
en,English
es,Español
de,Deutsch
en,English
es,Español
en,English
en,English
fr,Français
en,English
en,English
en,English
en,English
da,Dansk
de,Deutsch
en,English
it,Italiano
en,English
en,English
vi,Ti?ng Vi?t
en,English
ky,??????
en,English
ru,P??????
fr,Français
en,English
hi,??????
en,English
ru,P??????
fr,Français
de,Deutsch
en,English
fr,Français
en,English
en,English
en,English
en,English
en,English
en,English
cy,Cymraeg
en,English
en,English
en,English
en,English
es,Español
en,English
hi,??????
en,English
en,English
en,English
en,English
de,Deutsch
en,English
en,English
fr,Français
it,Italiano
pt,Português
en,English
en,English
en,English
fr,Français
es,Español
en,English
en,English
de,Deutsch
hu,Magyar
en,English
en,English
en,English
en,English
en,English
en,English
ru,P??????
en,English
en,English
de,Deutsch
en,English
en,English
zu,isiZulu
en,English
id,Bahasa indonesia
en,English
it,Italiano
en,English
de,Deutsch
fr,Français
it,Italiano
en,English
en,English
de,Deutsch
hi,??????
en,English
de,Deutsch
en,English
en,English
en,English
en,English
en,English
es,Español
en,English
en,English
fr,Français
en,English
en,English
en,English
en,English
de,Deutsch
pt,Português
ja,???
en,English
en,English
en,English
en,English
en,English
en,English
en,English
en,English
en,English
en,English
fr,Français
en,English
en,English
en,English
en,English
en,English
en,English
en,English
en,English
fr,Français
ur,????
zh,???
en,English
en,English
en,English
en,English
fr,Français
hu,Magyar
en,English
fr,Français
ru,P??????
en,English
de,Deutsch
en,English
hi,??????
ur,????
en,English
ja,???
en,English
en,English
en,English
en,English
ar,???????
he,????????
en,English
en,English
en,English
en,English
id,Bahasa indonesia
en,English
en,English
en,English
en,English
en,English
en,English
hi,??????
en,English
en,English
en,English
en,English
en,English
en,English
en,English
en,English
es,Español
en,English
en,English
en,English
en,English
en,English
es,Español
ur,????
en,English
en,English
en,English
en,English
en,English
en,English
es,Español
en,English
en,English
en,English
es,Español
en,English
en,English
en,English
en,English
de,Deutsch
en,English
en,English
en,English
en,English
en,English
en,English
en,English
en,English
en,English
en,English
en,English
ro,Român?
en,English
en,English
en,English
fr,Français
fa,?????
en,English
en,English
en,English
en,English
en,English
fr,Français
en,English
en,English
en,English
en,English
en,English
en,English
en,English
fa,?????
en,English
en,English
en,English
en,English
es,Español
de,Deutsch
es,Español
en,English
en,English
en,English
en,English
no,Norsk
en,English
de,Deutsch
en,English
en,English
en,English
en,English
en,English
en,English
sv,svenska
en,English
en,English
en,English
fr,Français
it,Italiano
la,Latin
zh,???
en,English
en,English
de,Deutsch
en,English
en,English
en,English
en,English
en,English
en,English
en,English
en,English
en,English
en,English
en,English
en,English
en,English
en,English
en,English
en,English
en,English
it,Italiano
en,English
en,English
en,English
en,English
en,English
fr,Français
en,English
bm,Bamanankan
fr,Français
en,English
en,English
en,English
en,English
sl,Sloven?ina
en,English
hi,??????
en,English
en,English
en,English
en,English
en,English
es,Español
en,English
en,English
en,English
en,English
en,English
fr,Français
hu,Magyar
ps,????
en,English
en,English
en,English
en,English
en,English
en,English
en,English
en,English
en,English
en,English
ja,???
en,English
en,English
en,English
en,English
en,English
en,English
es,Español
en,English
en,English
en,English
zh,???
en,English
en,English
en,English
en,English
en,English
fr,Français
de,Deutsch
en,English
en,English
en,English
de,Deutsch
es,Español
en,English
en,English
en,English
en,English
en,English
en,English
en,English
ga,Gaeilge
en,English
en,English
en,English
en,English
en,English
en,English
it,Italiano
sv,svenska
en,English
en,English
en,English
en,English
fr,Français
la,Latin
en,English
en,English
en,English
en,English
it,Italiano
en,English
sh,
en,English
pl,Polski
en,English
en,English
sv,svenska
en,English
en,English
en,English
en,English
en,English
en,English
he,????????
en,English
en,English
en,English
en,English
en,English
el,????????
en,English
en,English
en,English
fr,Français
zh,???
en,English
en,English
en,English
en,English
en,English
fr,Français
en,English
en,English
hi,??????
en,English
en,English
en,English
en,English
en,English
en,English
en,English
en,English
en,English
en,English
en,English
en,English
en,English
fr,Français
de,Deutsch
en,English
en,English
en,English
en,English
en,English
en,English
en,English
de,Deutsch
en,English
en,English
en,English
en,English
en,English
en,English
en,English
en,English
zh,???
en,English
en,English
en,English
cn,??? / ???
en,English
fr,Français
en,English
en,English
de,Deutsch
de,Deutsch
en,English
en,English
en,English
en,English
en,English
en,English
en,English
en,English
en,English
fr,Français
en,English
en,English
it,Italiano
es,Español
en,English
en,English
en,English
en,English
de,Deutsch
en,English
pl,Polski
en,English
en,English
en,English
en,English
fr,Français
da,Dansk
en,English
en,English
en,English
en,English
en,English
en,English
en,English
en,English
fa,?????
en,English
en,English
en,English
ro,Român?
en,English
en,English
en,English
en,English
fr,Français
en,English
en,English
en,English
de,Deutsch
mn,
en,English
en,English
en,English
es,Español
en,English
en,English
en,English
en,English
en,English
en,English
en,English
fr,Français
en,English
en,English
en,English
en,English
en,English
en,English
en,English
en,English
en,English
en,English
en,English
en,English
en,English
en,English
en,English
en,English
en,English
en,English
en,English
en,English
en,English
en,English
en,English
en,English
en,English
en,English
en,English
en,English
en,English
en,English
pt,Português
en,English
en,English
en,English
en,English
en,English
en,English
en,English
en,English
en,English
en,English
en,English
en,English
en,English
en,English
en,English
en,English
en,English
en,English
en,English
fr,Français
en,English
en,English
es,Español
en,English
en,English
en,English
en,English
en,English
en,English
sw,Kiswahili
en,English
en,English
en,English
en,English
cn,??? / ???
en,English
fr,Français
fa,?????
en,English
ja,???
en,English
en,English
en,English
es,Español
en,English
en,English
en,English
